GENUS_SPECIES,taxonomic_class
Diurnea fagella,Insecta
Eupithecia abbreviata,Insecta
Eupithecia satyrata,Insecta
Eupithecia tantillaria,Insecta
Eupithecia virgaureata,Insecta
Hypena rostralis,Insecta
Mompha epilobiellla,Insecta
Mompha sturnipennella,Insecta
Phyllonorycter emberizaepennella,Insecta
Phyllonorycter oxyacanthae,Insecta
Pterostoma palpina,Insecta
Swammerdamia pyrella,Insecta
Xanthorhoe fluctuata,Insecta
Ypsolopha ustella,Insecta
Depressaria emeritella,Insecta
Aethalura punctulata,Insecta
Amphimallon solstitiale,Insecta
Anthrenus verbasci,Insecta
Aphomia sociella,Insecta
Badister collaris,Insecta
Badister peltatus,Insecta
Bledius gallicus,Insecta
Bledius opacus,Insecta
Borkhausenia minutella,Insecta
Bucculatrix ulmella,Insecta
Caloptilia populetorum,Insecta
Caloptilia robustella,Insecta
Caloptilia stigmatella,Insecta
Calvia quatuordecimguttata,Insecta
Cameraria ohridella,Insecta
Cantharis livida,Insecta
Cantharis rufa,Insecta
Caradrina morpheus,Insecta
Carpelimus rivularis,Insecta
Cercyon marinus,Insecta
Cydia strobilella,Insecta
Discestra trifolii,Insecta
Ectoedemia argyropeza,Insecta
Endrosis sarcitrella,Insecta
Furcula furcula,Insecta
Gnypeta carbonaria,Insecta
Gravitarmata margarotana,Insecta
Halyzia sedecimpunctata,Insecta
Hydroglyphus geminus,Insecta
Lobophora halterata,Insecta
Necrodes littoralis,Insecta
Oxytelus sculptus,Insecta
Pammene obscurana,Insecta
Phyllonorycter platani,Insecta
Phyllonorycter rajella,Insecta
Phyllonorycter ulmifoliella,Insecta
Pityophthorus pubescens,Insecta
Plodia interpunctella,Insecta
Rhantus suturalis,Insecta
Selenia dentaria,Insecta
Stigmella roborella,Insecta
Stigmella tityrella,Insecta
Tineola bisselliella,Insecta
Xanthorhoe spadicearia,Insecta
Xyleborinus saxesenii,Insecta
Acronicta aceris,Insecta
Acronicta alni,Insecta
Agrotis clavis,Insecta
Anaspis regimbarti,Insecta
Apamea sordens,Insecta
Argyresthia retinella,Insecta
Bupalus piniaria,Insecta
Carpelimus bilineatus,Insecta
Celypha striana,Insecta
Charanycha trigrammica,Insecta
Chrysoteuchia culmella,Insecta
Coleophora laricella,Insecta
Cucullia umbratica,Insecta
Cydia tenebrosana,Insecta
Cyphon variabilis,Insecta
Dasytes plumbeus,Insecta
Deilephila elpenor,Insecta
Dioryctria abietella,Insecta
Earias clorana,Insecta
Elachista argentella,Insecta
Electrophaes corylata,Insecta
Epinotia tedella,Insecta
Eudonia mercurella,Insecta
Eupithecia vulgata,Insecta
Furcula bifida,Insecta
Hedya nubiferana,Insecta
Heliophobus reticulata,Dicotyledonae
Heterocerus fenestratus,Insecta
Lacanobia suasa,Insecta
Lacanobia w-latinum,Insecta
Lathronympha strigana,Insecta
Macaria notata,Insecta
Melanchra pisi,Insecta
Mompha raschkiella,Insecta
Monopis laevigella,Insecta
Notocelia cynosbatella,Insecta
Ochthebius marinus,Insecta
Oligia latruncula,Insecta
Pandemis cerasana,Insecta
Parascotia fuliginaria,Insecta
Phyllonorycter harrisella,Insecta
Phyllonorycter leucographella,Insecta
Prionocyphon serricornis,Insecta
Pseudargyrotoza conwagana,Insecta
Pseudoips fagana,Insecta
Ptycholoma lecheana,Insecta
Rhinophora rectangulata,Insecta
Stigmella obliquella,Insecta
Tethea or,Insecta
Thera variata,Insecta
Tinea columbariella,Insecta
Acronicta psi,Insecta
Aplocera efformata,Insecta
Argyresthia trifasciata,Insecta
Bryotropha affinis,Insecta
Crambus lathoniellus,Insecta
Cydia pomonella,Insecta
Diarsia rubi,Insecta
Eilema sororcula,Insecta
Hepialus lupulina,Insecta
Ilybius ater,Insecta
Lacanobia oleracea,Insecta
Lampronia morosa,Insecta
Pyrrhia umbra,Insecta
Thera britannica,Insecta
Watsonalla binaria,Insecta
Ectoedemia albifasciella,Insecta
Acleris bergmanniana,Insecta
Aethes margaritana,Insecta
Aleimma loeflingiana,Insecta
Apamea lithoxylaea,Insecta
Apamea monoglypha,Insecta
Archips podana,Insecta
Archips rosana,Insecta
Archips xylosteana,Insecta
Argyresthia bonnetella,Insecta
Argyresthia brockeella,Insecta
Argyresthia curvella,Insecta
Aroga velocella,Insecta
Blastodacna hellerella,Insecta
Carcina quercana,Insecta
Chortodes fluxa,Insecta
Cnephasia incertana,Insecta
Coleophora lutipennella,Insecta
Cydia fagiglandana,Insecta
Dichomeris marginella,Insecta
Dioryctria schuetzeella,Insecta
Eana incanana,Insecta
Epinotia abbreviana,Insecta
Euxoa nigricans,Insecta
Exoteleia dodecella,Insecta
Gypsonoma aceriana,Insecta
Hoplodrina octogenaria,Insecta
Idaea aversata,Insecta
Lagria hirta,Insecta
Laothoe populi,Insecta
Lyonetia clerkella,Insecta
Mamestra brassicae,Insecta
Melanchra persicariae,Insecta
Myrrha octodecimguttata,Insecta
Mythimna pallens,Insecta
Noctua fimbriata,Insecta
Noctua orbona,Insecta
Notocelia roborana,Insecta
Ocnerostoma piniariella,Insecta
Parachronistis albiceps,Insecta
Parastichtis ypsillon,Insecta
Paraswammerdamia nebulella,Insecta
Phlyctaenia coronata,Insecta
Phycita roborella,Insecta
Piniphila bifasciana,Insecta
Rhyacionia pinicolana,Insecta
Scoparia basistrigalis,Insecta
Scoparia pyralella,Insecta
Scrobipalpa stangei,Insecta
Synaphe punctalis,Insecta
Teleiodes fugitivella,Insecta
Tortrix viridana,Insecta
Trachycera advenella,Betaproteobacteria
Vitula biviella,Insecta
Xestia triangulum,Insecta
Yponomeuta malinellus,Insecta
Zeiraphera isertana,Insecta
Acentria ephemerella,Insecta
Agriphila straminella,Insecta
Amara apricaria,Insecta
Ancylis achatana,Insecta
Anobium nitidum,Insecta
Anotylus rugosus,Insecta
Argyresthia conjugella,Insecta
Argyresthia dilectella,Insecta
Attagenus smirnovi,Insecta
Autographa jota,Insecta
Axylia putris,Insecta
Batrachedra pinicolella,Insecta
Bembidion fumigatum,Insecta
Bisigna procerella,Insecta
Blastodacna atra,Insecta
Borkhausenia fuscescens,Insecta
Borkhausenia luridicomella,Insecta
Bradycellus verbasci,Insecta
Bryotropha similis,Insecta
Cabera pusaria,Insecta
Campaea margaritata,Insecta
Caryocolum proxima,Insecta
Catoptria falsella,Insecta
Catoptria pinella,Insecta
Cercyon unipunctatus,Insecta
Chionodes electella,Insecta
Cidaria fulvata,Insecta
Clepsis consimilana,Insecta
Cnephasia asseclana,Insecta
Coleophora ibipennella,Insecta
Coleophora saxicolella,Insecta
Cosmia trapezina,Insecta
Crambus perlella,Insecta
Crassa unitella,Insecta
Cucullia absinthii,Insecta
Cydia funebrana,Insecta
Cyphon coarctatus,Insecta
Depressaria depressana,Insecta
Diachrysia chrysitis,Insecta
Diarsia florida,Insecta
Dichrorampha alpinana,Insecta
Dipleurina lacustrata,Insecta
Ditula angustiorana,Insecta
Dryocoetes autographus,Insecta
Ennomos quercinaria,Insecta
Epinotia nanana,Insecta
Ernobius mollis,Insecta
Eucosma cana,Insecta
Evergestis limbata,Insecta
Gypsonoma dealbana,Insecta
Gypsonoma minutana,Insecta
Habrosyne pyritoides,Insecta
Hecatera bicolorata,Insecta
Hedya ochroleucana,Insecta
Hemithea aestivaria,Insecta
Hoplodrina blanda,Insecta
Hylaea fasciaria,Insecta
Lobesia abscisana,Insecta
Macaria liturata,Insecta
Mesapamea didyma,Insecta
Mythimna ferrago,Insecta
Mythimna impura,Insecta
Oligia strigilis,Insecta
Ophonus rufibarbis,Insecta
Ourapteryx sambucaria,Insecta
Pandemis heparana,Insecta
Perizoma alchemilliata,Insecta
Pexicopia malvella,Insecta
Phalera bucephala,Insecta
Phyllocnistis unipunctella,Insecta
Phyllonorycter blancardella,Insecta
Polia bombycina,Insecta
Ptycholomoides aeriferana,Insecta
Recurvaria leucatella,Insecta
Serica brunnea,Insecta
Serropalpus barbatus,Insecta
Sitochroa verticalis,Insecta
Spilonota ocellana,Insecta
Stenolophus mixtus,Insecta
Teleiodes vulgella,Insecta
Yponomeuta evonymella,Insecta
Zanclognatha tarsipennalis,Insecta
Zeuzera pyrina,Insecta
Achroia grisella,Insecta
Acleris forskaleana,Insecta
Acupalpus consputus,Insecta
Alcis repandata,Insecta
Aloconota gregaria,Insecta
Amara bifrons,Insecta
Amara convexiuscula,Insecta
Amphipoea fucosa,Insecta
Anthicus floralis,Insecta
Argyresthia goedartella,Insecta
Argyresthia pruniella,Insecta
Atheta fungi,Insecta
Atheta laticollis,Insecta
Atomaria lewisi,Insecta
Atomaria linearis,Insecta
Bembidion quadrimaculatum,Insecta
Bena prasinana,Insecta
Brachyusa concolor,Insecta
Carpelimus corticinus,Insecta
Cercyon bifenestratus,Insecta
Cercyon lateralis,Insecta
Cercyon quisquilius,Insecta
Cercyon tristis,Insecta
Chloroclysta truncata,Insecta
Cnephasia genitalana,Insecta
Cnephasia stephensiana,Insecta
Coleophora adspersella,Insecta
Coleophora atriplicis,Insecta
Coleophora kuehnella,Insecta
Coleophora serratella,Insecta
Coleophora sternipennella,Insecta
Cortinicara gibbosa,Insecta
Cydia splendana,Insecta
Cymolomia hartigiana,Insecta
Ectoedemia decentella,Insecta
Eupithecia haworthiata,Insecta
Eupithecia tenuiata,Insecta
Haliplus immaculatus,Insecta
Harpalus rufipes,Insecta
Hedya salicella,Insecta
Helophorus aequalis,Insecta
Helophorus brevipalpis,Insecta
Helophorus griseus,Insecta
Heterocerus obsoletus,Insecta
Hydrobius fuscipes,Insecta
Hygrotus inaequalis,Insecta
Lomaspilis marginata,Insecta
Malthinus frontalis,Insecta
Mesoligia furuncula,Insecta
Monotoma picipes,Insecta
Noctua comes,Insecta
Noctua janthe,Insecta
Nola cuculatella,Insecta
Nyctegretis lineana,Insecta
Ortholepis betulae,Insecta
Parastichtis suspecta,Insecta
Philhygra elongatula,Insecta
Philonthus quisquiliarius,Insecta
Phyllonorycter salictella,Insecta
Platytes alpinella,Insecta
Plemyria rubiginata,Insecta
Pleuroptya ruralis,Insecta
Prionychus ater,Insecta
Recurvaria nanella,Insecta
Rhagonycha fulva,Insecta
Rhopobota naevana,Insecta
Soronia grisea,Insecta
Stegobium paniceum,Insecta
Teleiodes saltuum,Insecta
Tenebrio molitor,Insecta
Thinonoma atra,Insecta
Trechus discus,Insecta
Trechus quadristriatus,Insecta
Acleris holmiana,Insecta
Acronicta leporina,Insecta
Anarsia lineatella,Insecta
Anerastia lotella,Insecta
Argyresthia glaucinella,Insecta
Batia lunaris,Insecta
Batrachedra praeangusta,Insecta
Calathus erratus,Insecta
Catoptria margaritella,Insecta
Cedestis gysselinella,Insecta
Cerapteryx graminis,Insecta
Chionodes fumatella,Insecta
Chloroclystis v-ata,Insecta
Conobathra repandana,Insecta
Cosmiotes freyerella,Insecta
Cydia medicaginis,Insecta
Dichrorampha petiverella,Insecta
Ectoedemia sericopeza,Insecta
Eidophasia messingiella,Insecta
Epiblema foenella,Insecta
Epinotia bilunana,Insecta
Epinotia tenerana,Insecta
Eudemis profundana,Insecta
Eupithecia lariciata,Insecta
Gelechia nigra,Insecta
Gelechia sororculella,Insecta
Gypsonoma oppressana,Insecta
Lymantria monacha,Insecta
Malacasoma castrensis,Bryopsida
Orthopygia glaucinalis,Insecta
Pammene fasciana,Insecta
Pelosia muscerda,Insecta
Philonthus binotatus,Insecta
Phragmatobia fuliginosa,Insecta
Phyllonorycter strigulatella,Insecta
Psoricoptera gibbosella,Insecta
Simyra albovenosa,Insecta
Spilonota laricana,Insecta
Stigmella atricapitella,Insecta
Yponomeuta cagnagella,Insecta
Yponomeuta padella,Insecta
Autographa pulchrina,Insecta
Celypha rufana,Insecta
Cercyon laminatus,Insecta
Chionodes tragicella,Insecta
Coleophora anatipennella,Insecta
Coleophora versurella,Insecta
Crambus pascuella,Insecta
Crambus pratella,Insecta
Cucullia praecana,Insecta
Elachista triatomea,Insecta
Enarmonia formosana,Insecta
Ernobius pini,Insecta
Hadena bicruris,Insecta
Hadena perplexa,Insecta
Hecatera dysodea,Insecta
Idaea dimidiata,Insecta
Idaea fuscovenosa,Insecta
Macaria wauaria,Insecta
Melanotus castanipes,Insecta
Mythimna comma,Insecta
Neosphaleroptera nubilana,Insecta
Peribatodes secundaria,Insecta
Polychrysia moneta,Insecta
Protodeltote pygarga,Insecta
Schoenobius gigantella,Insecta
Carpelimus obesus,Insecta
Coleophora badiipenella,Insecta
Cydia janthinana,Insecta
Dromius angustus,Insecta
Helophorus minutus,Insecta
Idaea seriata,Insecta
Morophaga choragella,Insecta
Yponomeuta rorrella,Insecta
Ypsolopha sequella,Insecta
Aphelia paleana,Insecta
Acrolepiopsis assectella,Insecta
Acrotona pseudotenera,Insecta
Agonopterix liturosa,Insecta
Amphipyra pyramidea,Insecta
Aproaerema anthyllidella,Insecta
Argyresthia albistria,Insecta
Bucculatrix thoracella,Insecta
Calybites phasianipennella,Insecta
Cataclysta lemnata,Insecta
Catocala nupta,Insecta
Cilea silphoides,Insecta
Cyclophora albipunctata,Insecta
Dromius quadrimaculatus,Insecta
Dyschirius politus,Insecta
Epinotia brunnichiana,Insecta
Epinotia nisella,Insecta
Epinotia sordidana,Insecta
Eupithecia absinthiata,Insecta
Eupithecia simpliciata,Insecta
Galleria mellonella,Insecta
Hydraecia petasitis,Insecta
Ipimorpha subtusa,Insecta
Luperina testacea,Insecta
Mesoligia literosa,Insecta
Mirificarma mulinella,Insecta
Mycetophagus quadripustulatus,Insecta
Peribatodes rhomboidaria,Insecta
Phyllonorycter heegeriella,Insecta
Prays f,Insecta
Rivula sericealis,Insecta
Scrobipalpa atriplicella,Insecta
Stenolechia gemmella,Insecta
Stigmella trimaculella,Insecta
Timandra comae,Insecta
Acleris shepherdana,Insecta
Aethes smeathmanniana,Insecta
Agriphila tristella,Insecta
Agrotis vestigialis,Insecta
Amara aulica,Insecta
Anacaena limbata,Insecta
Anacaena lutescens,Insecta
Anthicus formicarius,Insecta
Celaena leucostigma,Insecta
Colon serripes,Insecta
Enochrus quadripunctatus,Insecta
Enochrus testaceus,Insecta
Epinotia ramella,Insecta
Epinotia solandriana,Insecta
Harpalus griseus,Insecta
Harpalus smaragdinus,Insecta
Hydroporus angustatus,Insecta
Noctua interjecta,Insecta
Plusia festucae,Insecta
Teleiopsis diffinis,Insecta
Ypsolopha alpella,Insecta
Ypsolopha vittella,Insecta
Macdunnoughia confusa,Insecta
Agriphila selasella,Insecta
Anacampsis blattariella,Insecta
Apamea ophiogramma,Insecta
Atheta longicornis,Insecta
Bledius subniger,Insecta
Bledius tricornis,Insecta
Clavigesta purdeyi,Insecta
Cnephasia pasiuana,Insecta
Curculio venosus,Insecta
Eilema complana,Insecta
Eudonia truncicolella,Insecta
Eupithecia icterata,Insecta
Euxoa 'tritici',Insecta
Gelechia turpella,Insecta
Mythimna straminea,Insecta
Nehemitropia lividipennis,Insecta
Noctua janthina,Insecta
Phyllonorycter spinicolella,Insecta
Polygraphus poligraphus,Insecta
Stigmella ruficapitella,Insecta
Ypsolopha parenthesella,Insecta
Ypsolopha sylvella,Insecta
Abrostola triplasia,Insecta
Acleris aspersana,Insecta
Agriphila latistria,Insecta
Apotomis betuletana,Insecta
Archanara dissoluta,Insecta
Assara terebrella,Insecta
Bactra lancealana,Insecta
Bryotropha terrella,Insecta
Caloptilia alchimiella,Insecta
Camptogramma bilineata,Insecta
Caryocolum marmorea,Insecta
Cercyon analis,Insecta
Chiasmia clathrata,Insecta
Coleophora alcyonipennella,Insecta
Coleophora vestianella,Insecta
Cryptopleurum subtile,Insecta
Cydia amplana,Insecta
Dichrorampha simpliciana,Insecta
Endotricha flammealis,Insecta
Epirrhoe tristata,Insecta
Eupithecia innotata,Insecta
Eupithecia pusillata,Insecta
Eupithecia succenturiata,Insecta
Euzophora pinguis,Insecta
Gelechia muscosella,Insecta
Graphiphora augur,Insecta
Oegoconia caradjai,Insecta
Philhygra volans,Insecta
Phoesia gnoma,Insecta
Phyllonorycter geniculella,Insecta
Scrobipalpa acuminatella,Insecta
Stathmopoda pedella,Insecta
Stigmella floslactella,Insecta
Udea prunalis,Insecta
Watsonalla cultraria,Insecta
Xestia sexstrigata,Insecta
Yponomeuta plumbella,Insecta
Ypsolopha dentella,Insecta
Acleris rhombana,Insecta
Allophyes oxyacanthae,Insecta
Blepherita satura,Insecta
Ennomos alniaria,Insecta
Ennomos fuscantaria,Insecta
Euxoa obelisca,Insecta
Phyllonorycter coryli,Insecta
Thera obeliscata,Insecta
Xanthia gilvago,Insecta
Epinotia crenana,Insecta
Hoplodrina ambigua,Insecta
Aphodius rufipes,Insecta
Ennomos autumnaria,Insecta
Agrochola circellaris,Insecta
Colotois pennaria,Insecta
Epirrita christyi,Insecta
Parornix devoniella,Insecta
Rhizedra lutosa,Insecta
Acleris variegana,Insecta
Agrochola lota,Insecta
Agrochola lychnidis,Insecta
Eupsilia transversa,Insecta
Poecilocampa populi,Insecta
Udea ferrugalis,Insecta
Leiodes rufipennis,Insecta
Tinea pallescentella,Insecta
Argyresthia semitestacella,Insecta
Xanthia togata,Insecta
Exapate congelatella,Insecta
Cyphon hilaris,Insecta
Acronicta rumicis,Insecta
Agonopterix subpropinquella,Insecta
Cucullia chamomillae,Insecta
Heliozela sericiella,Insecta
Orthosia miniosa,Insecta
Xestobium plumbeum,Insecta
Alucita hexadactyla,Insecta
Anthrenus museorum,Insecta
Argyresthia laevigatella,Insecta
Capua vulgana,Insecta
Cochylis nana,Insecta
Diarsia mendica,Insecta
Ectoedemia subbimaculella,Insecta
Ernobius abietis,Insecta
Eupithecia intricata,Insecta
Sideridis albicolon,Insecta
Stigmella anomalella,Insecta
Stigmella oxyacanthella,Insecta
Aphodius plagiatus,Insecta
Apotomis sororculana,Insecta
Argyresthia fundella,Insecta
Bucculatrix bechsteiniella,Insecta
Cnephasia communana,Insecta
Cydia conicolana,Insecta
Lacanobia thalassina,Insecta
Nola confusalis,Insecta
Teleiodes proximella,Insecta
Tinea trinotella,Insecta
Apamea crenata,Insecta
Athrips tetrapunctella,Insecta
Coleophora caespititiella,Insecta
Enochrus melanocephalus,Insecta
Eupithecia centaureata,Insecta
Glyphipterix simplicella,Insecta
Rhyacionia pinivorana,Insecta
Teleiodes luculella,Insecta
Argyresthia glabratella,Insecta
Abrostola tripartita,Insecta
Ancylis badiana,Insecta
Atheta graminicola,Insecta
Callisto denticulella,Insecta
Chrysoesthia sexguttella,Insecta
Eupithecia linariata,Insecta
Herminia grisealis,Insecta
Heterocerus intermedius,Insecta
Nematopogon adansoniella,Insecta
Ocnerostoma friesei,Insecta
Pammene albuginana,Insecta
Phyllonorycter platanoidella,Insecta
Triaxomera parasitella,Insecta
Arctia caja,Insecta
Brachmia rufescens,Insecta
Coleophora artemisicolella,Insecta
Coleophora deauratella,Insecta
Coleophora spinella,Insecta
Drepana falcataria,Insecta
Ennomos erosaria,Insecta
Eucosma lacteana,Insecta
Euplexia lucipara,Insecta
Leucoptera laburnella,Insecta
Ophonus puncticeps,Insecta
Parornix betulae,Insecta
Philhygra melanocera,Insecta
Stigmella hemargyrella,Insecta
Tinea semifulvella,Insecta
Coleophora trochilella,Insecta
Hadena compta,Insecta
Lacanobia contigua,Insecta
Melanotus villosus,Insecta
Mythimna conigera,Insecta
Trixagus carinifrons,Insecta
Acronicta megacephala,Insecta
Brachylomia viminalis,Insecta
Diarsia brunnea,Insecta
Dichelia histrionana,Insecta
Eucosma conterminana,Insecta
Lycophotia porphyrea,Insecta
Malacasoma neustria,Insecta
Phtheochroa inopiana,Insecta
Plusia putnami,Insecta
Adrastus pallens,Insecta
Cantharis nigra,Insecta
Coleophora mayrella,Insecta
Enochrus halophilus,Insecta
Hypenodes humidalis,Insecta
Monochroa lutulentella,Insecta
Oecophora bractella,Insecta
Pyrausta aurata,Insecta
Tinea pellionella,Insecta
Tischeria ekebladella,Insecta
Chrysoesthia drurella,Insecta
Coleophora glaucicolella,Insecta
Gelechia rhombella,Insecta
Zeiraphera ratzeburgiana,Insecta
Stigmella minusculella,Insecta
Amphipoea oculea,Insecta
Cercyon terminatus,Insecta
Enochrus bicolor,Insecta
Hygrotus impressopunctatus,Insecta
Agonopterix arenella,Insecta
Amara majuscula,Insecta
Apamea oblonga,Insecta
Archanara geminipuncta,Insecta
Bryotropha senectella,Insecta
Chrysoclista linneella,Insecta
Cymbiodyta marginella,Insecta
Dacrila fallax,Insecta
Deinopsis erosa,Insecta
Elachista bisulcella,Insecta
Helcystogramma lutatella,Insecta
Hylesinus fraxini,Insecta
Ilybius subaeneus,Insecta
Pandemis corylana,Insecta
Philonthus marginatus,Insecta
Phyllonorycter corylifoliella,Insecta
Phyllonorycter insignitella,Insecta
Phyllotreta undulata,Insecta
Pityogenes bidentatus,Insecta
Propylea quatuordecimpunctata,Insecta
Rhyacia simulans,Insecta
Scolytus intricatus,Insecta
Witlesia pallida,Insecta
Xestia baja,Insecta
Agapeta hamana,Insecta
Agriphila geniculea,Insecta
Amischa bifoveolata,Insecta
Anotylus complanatus,Insecta
Atheta coriaria,Insecta
Atheta crassicornis,Insecta
Atomaria fuscata,Insecta
Atomaria turgida,Insecta
Aulonium trisulcum,Insecta
Bradycellus harpalinus,Insecta
Bucculatrix maritima,Insecta
Carpelimus lindbergi,Insecta
Clivina fossor,Insecta
Cordalia obscura,Insecta
Corticaria elongata,Insecta
Cryptophilus integer,Insecta
Dacne bipustulata,Insecta
Dinaraea angustula,Insecta
Drepana curvatula,Insecta
Dryops luridus,Insecta
Enochrus fuscipennis,Insecta
Eulamprotes wilkella,Insecta
Eupoecilia angustana,Insecta
Gelechia cuneatella,Insecta
Hydraecia micacea,Insecta
Lathrobium fulvipenne,Insecta
Ligdia adustata,Insecta
Lithocharis nigriceps,Insecta
Migneauxia orientalis,Insecta
Monotoma longicollis,Insecta
Niditinea fuscella,Insecta
Olibrus corticalis,Insecta
Ophonus melleti,Insecta
Ptenidium pusillum,Insecta
Pyralis farinalis,Insecta
Sepedophilus testaceus,Insecta
Sericoderus lateralis,Insecta
Sphaeriestes castaneus,Insecta
Trixagus meybohmi,Insecta
Yponomeuta irrorella,Insecta
Mythimna albipuncta,Insecta
Tomicus piniperda,Insecta
Spaelotis ravida,Insecta
Nomophila noctuella,Insecta
Aphodius rufus,Insecta
Epinotia maculana,Insecta
Pennithera firmata,Insecta
Xanthia icteritia,Insecta
Curculio glandium,Insecta
Acleris comariana,Insecta
Chloroclysta siterata,Insecta
Bradycellus csikii,Insecta
Hypsopygia costalis,Insecta
Laspeyria flexula,Insecta
Operophtera brumata,Insecta
Alsophila aescularia,Insecta
Conistra vaccinii,Insecta
Eriocrania semipurpurella,Insecta
Epermenia chaerophyllella,Insecta
Cyclophora punctaria,Insecta
Earias vernana,Insecta
Eupithecia exiguata,Insecta
Prays fraxinella,Insecta
Pselaphorhynchites aequatus,Insecta
Elachista monosemiella,Insecta
Lomographa temerata,Insecta
Spilosoma lutea,Insecta
Aderus populneus,Insecta
Anaspis maculata,Insecta
Apotomis turbidana,Insecta
Cyphon pubescens,Insecta
Dorytomus taeniatus,Insecta
Elachista albifrontella,Insecta
Hadrobregmus pertinax,Insecta
Haploglossa villosula,Insecta
Hydrelia flammeolaria,Insecta
Mythimna obsoleta,Insecta
Olibrus bicolor,Insecta
Opostega salaciella,Insecta
Orthotaenia undulana,Insecta
Phycitodes albatella,Insecta
Phymatodes testaceus,Insecta
Reesa vespulae,Insecta
Telmatophilus brevicollis,Insecta
Acupalpus parvulus,Insecta
Aethes rubigana,Insecta
Aphelia viburnana,Insecta
Epinotia demarniana,Insecta
Eulithis melliniata,Insecta
Eupithecia subumbrata,Insecta
Hydroporus palustris,Insecta
Lygephila pastinum,Insecta
Microcara testacea,Insecta
Phycitodes binaevella,Insecta
Suphrodytes dorsalis,Insecta
Zeiraphera griseana,Insecta
Adoxophyes orana,Insecta
Argyresthia spinosella,Insecta
Bembidion assimile,Insecta
Cercyon sternalis,Insecta
Coleophora taeniipennella,Insecta
Cydia coniferana,Insecta
Dyschirius tristis,Insecta
Ptilinus pectinicornis,Insecta
Stephostethus lararius,Insecta
Teleiodes flavimaculella,Insecta
Agonopterix conterminella,Insecta
Arhopalus rusticus,Insecta
Athrips mouffetella,Insecta
Elachista canapennella,Insecta
Hypena proboscidalis,Insecta
Photedes minima,Insecta
Amara consularis,Insecta
Atomaria atricapilla,Insecta
Crocallis elinguaria,Insecta
Cryptophagus dentatus,Insecta
Epinotia immundana,Insecta
Ernobius nigrinus,Insecta
Eulamprotes atrella,Insecta
Gelechia sestertiella,Insecta
Hadena rivularis,Insecta
Hepialus sylvina,Insecta
Rhantus frontalis,Insecta
Scrobipalpa obsoletella,Insecta
Stigmella ulmivora,Insecta
Syngrapha interrogationis,Insecta
Udea lutealis,Insecta
Ypsolopha horridella,Insecta
Ectoedemia septembrella,Insecta
Altica oleracea,Insecta
Amphipyra berbera,Insecta
Clostera curtula,Insecta
Limnaecia phragmitella,Insecta
Lobesia littoralis,Insecta
Dromius spilotus,Insecta
Endothenia quadrimaculana,Insecta
Heterocerus fusculus,Insecta
Heterocerus hispidulus,Insecta
Leucospilapteryx omissella,Insecta
Loricera pilicornis,Insecta
Metoecus paradoxus,Insecta
Monopis monachella,Insecta
Parapoynx stratiotata,Insecta
Pelurga comitata,Insecta
Philhygra palustris,Insecta
Pyrausta purpuralis,Insecta
Rhantus grapii,Insecta
Stigmella centifoliella,Insecta
Stigmella hybnerella,Insecta
Rhantus suturellus,Insecta
Brachmia inornatella,Insecta
Itame brunneata,Insecta
Leucoma salicis,Insecta
Vitula edmandsii,Insecta
Denisia stipella,Insecta
Hada plebeja,Insecta
Hypomecis punctinalis,Insecta
Monopis weaverella,Insecta
Smerinthus ocellata,Insecta
Strophedra weirana,Insecta
Apamea anceps,Insecta
Aphelia unitana,Insecta
Bactra lacteana,Insecta
Metzneria metzneriella,Insecta
Nemapogon cloacella,Insecta
Actinotia polyodon,Insecta
Coleophora striatipennella,Insecta
Evergestis forficalis,Insecta
Hydriomena impluviata,Insecta
Kateretes rufilabris,Insecta
Odontopera bidentata,Insecta
Plagodis dolabraria,Insecta
Myelois circumvoluta,Insecta
Nephus bipunctatus,Insecta
Oligia fasciuncula,Insecta
Acasis viretata,Insecta
Agonum piceum,Insecta
Cantharis decipiens,Insecta
Dalopius marginatus,Insecta
Deilephila porcellus,Insecta
Malachius bipustulatus,Insecta
Mycetochara axillaris,Insecta
Agrotera nemoralis,Insecta
Eledona agricola,Insecta
Scoparia ambigualis,Insecta
Argyresthia pygmaeella,Insecta
Rhyacionia buoliana,Insecta
Anotylus insecatus,Insecta
Calathus ambiguus,Insecta
Eilema lutarella,Insecta
Hygrotus decoratus,Insecta
Lathrobium elongatum,Insecta
Monopis obviella,Insecta
Rhagonycha lutea,Insecta
Scirtes orbicularis,Insecta
Xanthorhoe quadrifasciata,Insecta
Bledius limicola,Insecta
Celypha cespitana,Insecta
Coleophora zelleriella,Insecta
Ephestia elutella,Insecta
Epuraea unicolor,Insecta
Eupithecia inturbata,Insecta
Oligia versicolor,Insecta
Stigmella lemniscella,Insecta
Stigmella luteella,Insecta
Acrotona aterrima,Insecta
Bembidion varium,Insecta
Cantharis cryptica,Insecta
Celypha lacunana,Insecta
Chionodes distinctella,Insecta
Conopalpus testaceus,Insecta
Dorytomus ictor,Insecta
Dryops similaris,Insecta
Eilema depressa,Insecta
Enochrus ochropterus,Insecta
Epinotia nigricana,Insecta
Euchoeca nebulata,Insecta
Gypsonoma sociana,Insecta
Harmonia quadripunctata,Insecta
Ilybius quadriguttatus,Insecta
Philhygra malleus,Bivalvia
Pityogenes chalcographus,Insecta
Rheumaptera undulata,Insecta
Rhynchaenus testaceus,Insecta
Schistoglossa gemina,Insecta
Scirtes hemisphaericus,Insecta
Scotopteryx chenopodiata,Insecta
Tillus elongates,Insecta
Agriphila inquinatella,Insecta
Thalpophila matura,Insecta
Acrotona pygmaea,Insecta
Aspilapteryx tringipennella,Insecta
Dorytomus rufatus,Insecta
Elachista adscitella,Insecta
Platyptilia gonodactyla,Insecta
Clepsis spectrana,Insecta
Megasternum concinnum,Insecta
Nephopterix angustella,Insecta
Cochylidia implicitana,Insecta
Agonopterix heracliana,Insecta
Agriopis marginaria,Insecta
Parornix angelicella,Insecta
Acleris ferrugana,Insecta
Byturus tomentosus,Insecta
Ectoedemia occultella,Insecta
Incurvaria masculella,Insecta
Malthodes minimus,Insecta
Mompha divisella,Insecta
Phyllobius argentatus,Insecta
Xylena exsoleta,Insecta
Deltote bankiana,Insecta
Choristoneura hebenstreitella,Insecta
Hyles gallii,Insecta
Rusina ferruginea,Insecta
Bembidion lunatum,Insecta
Enochrus affinis,Insecta
Ilybius fuliginosus,Insecta
Phyllonorycter salicicolella,Insecta
Scrobipalpa nitentella,Insecta
Dichrorampha gueneeana,Insecta
Eurrhypara hortulata,Insecta
Teleiodes alburnella,Insecta
Cabera exanthemata,Insecta
Enargia paleacea,Insecta
Gelechia scotinella,Insecta
Isophrictis striatella,Insecta
Prochoreutis myllerana,Insecta
Agrochola litura,Insecta
Cyphon laevipennis,Insecta
Epinotia caprana,Insecta
Nycteola asiatica,Insecta
Orchesia undulata,Insecta
Caloptilia betulicola,Insecta
Agonopterix purpurea,Insecta
Amblyptilia acanthadactyla,Insecta
Malthinus biguttatus,Insecta
Parornix torquillella,Insecta
Phyllonorycter hilarella,Insecta
Podabrus alpinus,Insecta
Dioryctria mutatella,Insecta
Telmatophilus caricis,Insecta
Apamea lateritia,Insecta
Coleophora adjunctella,Insecta
Dypterygia scabriuscula,Insecta
Eulithis prunata,Insecta
Hyppa rectilinea,Insecta
Cydia succedana,Insecta
Caloptilia elongella,Insecta
Cedestis subfasciella,Insecta
Cybosia mesomella,Insecta
Coleophora trifolii,Insecta
Elophila nymphaeata,Insecta
Notocelia rosaecolana,Insecta
Trachea atriplicis,Insecta
Apotomis lineana,Insecta
Argolamprotes micella,Insecta
Dichrorampha acuminatana,Insecta
Bembidion obliquum,Insecta
Caryocolum fischerella,Insecta
Loxostege sticticalis,Insecta
Ptilodon capucina,Insecta
Apamea scolopacina,Insecta
Caryocolum alsinella,Insecta
Cosmorhoe ocellata,Insecta
Neofriseria peliella,Insecta
Amischa nigrofusca,Insecta
Anotylus inustus,Insecta
Bradycellus ruficollis,Insecta
Calathus cinctus,Insecta
Cercyon nigriceps,Insecta
Corticarina fuscula,Insecta
Harpalus calceatus,Insecta
Lithocharis ochracea,Insecta
Necrobia rufipes,Insecta
Sepedophilus littoreus,Insecta
Ethmia bipunctella,Insecta
Orthotaelia sparganella,Insecta
Omalium rivulare,Insecta
Achlya flavicornis,Insecta
Caloptilia falconipennella,Insecta
Ernobius abietinus,Insecta
Tortricodes alternella,Insecta
Apocheima hispidaria,Insecta
Apocheima pilosaria,Insecta
Lithophane semibrunnea,Insecta
Phyllodrepa ioptera,Insecta
Cochylis posterana,Insecta
Phyllonorycter stettinensis,Insecta
Epinotia granitana,Insecta
Rhynchaenus fagi,Insecta
Sitona lineatus,Insecta
Mycetochara linearis,Insecta
Notocelia trimaculana,Insecta
Aristotelia brizella,Insecta
Atolmis rubricollis,Insecta
Bactra suedana,Insecta
Chilodes maritima,Insecta
Metzneria lappella,Insecta
Philonthus umbratilis,Insecta
Polia nebulosa,Insecta
Scolytus laevis,Insecta
Apamea unanimis,Insecta
Amischa analis,Insecta
Monochroa tetragonella,Insecta
Philonthus cephalotes,Insecta
Archips oporana,Insecta
Anobium costatum,Insecta
Rhinophora chloerata,Insecta
Bembidion guttula,Insecta
Cadra cautella,Insecta
Miltochrista miniata,Insecta
Mniotype adusta,Insecta
Bactra furfurana,Insecta
Coleophora flavipennella,Insecta
Cydia inquinatana,Insecta
Zyras collaris,Insecta
Cis boleti,Insecta
Dichrorampha obscuratana,Insecta
Rhagonycha lignosa,Insecta
Bucculatrix nigricomella,Insecta
Cochylis atricapitana,Insecta
Coleophora clypeiferella,Insecta
Monochroa lucidella,Insecta
Phiaris palustrana,Insecta
Pseudatemelia josephinae,Insecta
Scrobipalpula tussilaginella,Insecta
Amphotis marginata,Insecta
Badister dilatatus,Insecta
Chortodes extrema,Insecta
Ostrinia nubilalis,Insecta
Pseudohermenias abietana,Insecta
Scythropia crataegella,Insecta
Tinagma ocnerostomella,Insecta
Hypatima rhomboidella,Insecta
Cucullia asteris,Insecta
Coleophora asteris,Insecta
Cydia cosmophorana,Insecta
Laccophilus minutus,Insecta
Protoschinia scutosa,Insecta
Pyrrhalta viburni,Insecta
Caryocolum fraternella,Insecta
Cercyon impressus,Insecta
Orthonama vittata,Insecta
Phyllonorycter tenerella,Insecta
Sorhagenia janiszewskae,Insecta
Acrotona convergens,Insecta
Anotylus tetracarinatus,Insecta
Oegoconia deauratella,Insecta
Adaina microdactyla,Insecta
Coleophora therinella,Insecta
Cyphon ochraceus,Insecta
Eilema lurideola,Insecta
Gyrinus paykulli,Insecta
Notaris scirpi,Insecta
Thalycra fervida,Insecta
Anatis ocellata,Insecta
Bucculatrix cristatella,Insecta
Carpelimus pusillus,Insecta
Caryocolum blandella,Insecta
Celaena haworthii,Insecta
Chilo phragmitella,Insecta
Donacaula forficella,Insecta
Dromius linearis,Insecta
Endothenia ericetana,Insecta
Heliothis viriplaca,Insecta
Neozephyrus quercus,Insecta
Notodonta ziczac,Insecta
Psammotis pulveralis,Insecta
Aphidecta obliterata,Insecta
Dyschirius aeneus,Insecta
Philhygra terminalis,Insecta
Rhynchaenus pilosus,Insecta
Sorhagenia lorphyrella,Insecta
Stigmella microtheriella,Insecta
Yponomeuta sedella,Insecta
Ypsolopha nemorella,Insecta
Trypophloeus grothii,Insecta
Gelechia sabinellus,Insecta
Monopis imella,Insecta
Dichonia aprilina,Insecta
Diplopseustis perieresalis,Insecta
Agonopterix ocellana,Insecta
Aplocnemus nigricornis,Insecta
Orthosia populeti,Insecta
Stereonychus fraxini,Insecta
Magdalis ruficornis,Insecta
Denisia albimaculea,Insecta
Parornix fagivora,Insecta
Bactra robustana,Insecta
Nematopogon robertella,Insecta
Stauropus fagi,Insecta
Eupithecia venosata,Insecta
Amischa decipiens,Insecta
Carpelimus lindrothi,Insecta
Catoptria osthelderi,Insecta
Perizoma bifasciata,Insecta
Philereme transversata,Insecta
Philonthus tenuicornis,Insecta
Anania verbascalis,Insecta
Apoda limacodes,Insecta
Atomaria punctithorax,Insecta
Bedellia somnulentella,Insecta
Cnephasia longana,Insecta
Demetrias imperialis,Insecta
Dichrorampha aeratana,Insecta
Mompha ochraceella,Insecta
Plutella porrectella,Insecta
Pterapherapteryx sexalata,Insecta
Rhizophagus ferrugineus,Insecta
Scopula immutata,Insecta
Taphrorychus bicolor,Insecta
Telmatophilus typhae,Insecta
Triaxomasia caprimulgella,Insecta
Coleophora alticolella,Insecta
Enochrus coarctatus,Insecta
Hydroporus tristis,Insecta
Abraxas grossulariata,Insecta
Acleris notana,Insecta
Cilix gkaucata,Insecta
Eupithecia trisignaria,Insecta
Pammene aurita,Insecta
Phyllonorycter esperella,Insecta
Harpella forficlla,Insecta
Acrotona parens,Insecta
Longitarsus rubiginosus,Insecta
Nemapogon granella,Insecta
Trogoderma angustum,Insecta
Xanthorhoe designata,Insecta
Phthorimaea operculella,Insecta
Brundinia meridionalis,Insecta
Micrambe abietis,Insecta
Larentia clavaria,Insecta
Anthophila fabriciana,Insecta
Cryptophagus badius,Insecta
Agriopis aurantiaria,Insecta
Erannis defoliaria,Insecta
Acrobasis consociella,Insecta
Catoptria permutatella,Insecta
Cnaemidophorus rhododactyla,Insecta
Depressaria pastinacella,Insecta
Oxytelus laqueatus,Insecta
Agonum fuliginosum,Insecta
Eucosma metzneriana,Insecta
Helophorus aquaticus,Insecta
Hylobius abietis,Insecta
Lissodema cursor,Insecta
Philonthus fumarius,Insecta
Aethes rutilana,Insecta
Crambus heringiellus,Insecta
Evergestis pallidata,Insecta
Paraswammerdamia conspersella,Insecta
Sitochroa palealis,Insecta
Aleochara binotata,Insecta
Amara municipalis,Insecta
Aphomia zelleri,Insecta
Bryotropha galbanella,Insecta
Cercyon pygmaeus,Insecta
Ilybius aenescens,Insecta
Metendothenia atropunctana,Insecta
Monochroa hornigi,Insecta
Neocrepidodera transversa,Insecta
Oxypoda elongatula,Insecta
Oxypselaphus obscurus,Insecta
Scrobipalpa samadensis,Insecta
Coccinella undecimpunctata,Insecta
Plapita vitrealis,Insecta
Coleophora otidipennella,Insecta
Pandemis cinnamomeana,Insecta
Acupalpus exiguus,Insecta
Ancylis mitterbacheriana,Insecta
Atomaria apicalis,Insecta
Bembidion biguttatum,Insecta
Bembidion doris,Insecta
Berosus luridus,Insecta
Bledius bicornis,Insecta
Calathus melanocephalus,Insecta
Cantharis lateralis,Insecta
Carcinops pumilio,Insecta
Curculio crux,Insecta
Cyclophora linearia,Insecta
Cyphon padi,Insecta
Elegia similella,Insecta
Lathrobium rufonitidus,Insecta
Mythimna pudorina,Insecta
Notoxus monoceros,Insecta
Philonthus carbonarius,Insecta
Trixagus dermestoides,Insecta
Ernobius angusticollis,Insecta
Ptomaphagus sericatus,Insecta
Syndemis musculana,Insecta
Cartodere constricta,Insecta
Elachista utonella,Insecta
Tachyporus hypnorum,Insecta
Aglossa pinguinalis,Insecta
Coleophora binderella,Insecta
Colymbetes fuscus,Insecta
Dorcatoma chrysomelina,Insecta
Stilbus testaceus,Insecta
Tachyporus nitidulus,Insecta
Bledius subterraneus,Insecta
Epuraea pallescens,Insecta
Eupithecia denotata,Insecta
Laccobius biguttatus,Insecta
Monochroa cytisella,Insecta
Philhygra gyllenhalii,Insecta
Hyloicus pinastri,Insecta
Sphinx ligustri,Insecta
Sedina buettneri,Insecta
Atheta macrocera,Insecta
Mycetophagus populi,Insecta
Phalonidia vectisana,Insecta
Elachista pullicomella,Insecta
Pediasia aridella,Insecta
Cydia nigricana,Insecta
Eucnecosum brachypterum,Insecta
Philonthus rectangulus,Insecta
Catocala sponsa,Insecta
Theria rupicapraria,Insecta
Lyctus brunneus,Insecta
Philonthus micans,Insecta
Epuraea marseuli,Insecta
Eucosma obumbratana,Insecta
Epiblema graphana,Insecta
Bembidion femoratum,Insecta
Swammerdamia compunctella,Insecta
Coleophora argentula,Insecta
Coleophora tanaceti,Insecta
Ilybius guttiger,Insecta
Lissodema denticolle,Insecta
Mompha lacteella,Insecta
Sophronia semicostella,Insecta
Curculio nucum,Insecta
Aphodius ictericus,Insecta
Bidessus unistriatus,Insecta
Cryptopleurum minutum,Insecta
Anacampsis populella,Insecta
Leiodes polita,Insecta
Aploderus caelatus,Insecta
Chaetocnema concinna,Insecta
Hedobia imperialis,Insecta
Narycia duplicella,Insecta
Mesapamea secalis,Insecta
Scymnus auritus,Insecta
Bledius occidentalis,Insecta
Gyrinus substriatus,Insecta
Notocelia uddmanniana,Insecta
Thiodia citrana,Insecta
Acleris emargana,Insecta
Myzia oblongoguttata,Insecta
Ephestia kuehniella,Insecta
Euglenes oculatus,Insecta
Omosita discoidea,Insecta
Polymixis polymita,Insecta
Tholera cespitis,Insecta
Cryptophagus pallidus,Insecta
Phalonidia gilvicomana,Insecta
Coleophora currucipennella,Insecta
Xanthorhoe montanata,Insecta
Agonum thoreyi,Insecta
Monochroa niphognatha,Insecta
Ochthephilum fracticorne,Insecta
Pammene regiana,Insecta
Apotomis semifasciana,Insecta
Coleophora lineolea,Insecta
Mompha conturbatella,Insecta
Aethes cnicana,Insecta
Agonopterix angelicella,Insecta
Pediacus depressus,Insecta
Atheta intermedia,Insecta
Bledius femoralis,Insecta
Catarhoe cuculata,Insecta
Elachista atricomella,Insecta
Idaea biselata,Insecta
Magdalis flavicornis,Insecta
Proteinus laevigatus,Insecta
Bembidion articulatum,Insecta
Euproctis similis,Insecta
Falcaria lacertinaria,Insecta
Thyatira batis,Insecta
Elachista alpinella,Insecta
Porhydrus lineatus,Insecta
Nonagria typhae,Insecta
Helicoverpa armigera,Insecta
Acleris abietana,Insecta
Hydriomena ruberata,Insecta
Neobisnius procerulus,Insecta
Hypomecis roboraria,Insecta
Moma alpium,Insecta
Cantharis fusca,Insecta
Ectoedemia intimella,Insecta
Opsibotys fuscalis,Insecta
Pyrausta despicata,Insecta
Coleophora salicorniae,Insecta
Cosmopterix lienigiella,Insecta
Dolichus halensis,Insecta
Neocrepidodera ferruginea,Insecta
Parectopa ononidis,Insecta
Sciota adelphella,Insecta
Aleochara bipustulata,Insecta
Ochthebius minimus,Insecta
Euchromius ocellea,Insecta
Catocala fraxini,Insecta
Deltote deceptoria,Insecta
Ochropacha duplaris,Insecta
Cosmia pyralina,Insecta
Homoeosoma nebulella,Insecta
Asteroscopus sphinx,Insecta
Cantharis obscura,Insecta
Crassa tinctella,Insecta
Helophorus grandis,Insecta
Phycitodes maritima,Insecta
Cantharis pallida,Insecta
Deleaster dichrous,Insecta
Rheumaptera cervinalis,Insecta
Scoparia subfusca,Insecta
Oncocera semirubella,Insecta
Zeiraphera rufimitrana,Insecta
Aphthona euphorbiae,Insecta
Lithosia quadra,Insecta
Calospilos sylvata,Insecta
Oryctes nasicornis,Insecta
Eupithecia lanceata,Insecta
Atheta triangulum,Insecta
Anticlea derivata,Insecta
Atheta incognita,Insecta
Athous subfuscus,Insecta
Coleophora gallipennella,Insecta
Caloptilia azaleella,Insecta
Sitona humeralis,Insecta
Ypsolopha scabrella,Insecta
Bryotropha desertella,Insecta
Cyphon punctipennis,Insecta
Archanara sparganii,Insecta
Evergestis aenealis,Insecta
Pediasia fascelinella,Insecta
Priobium carpini,Insecta
Xanthorhoe biriviata,Insecta
Cymatophorima diluta,Insecta
Aphodius sordidus,Insecta
Apion assimile,Insecta
Dyschirius salinus,Insecta
Pityophthorus glabratus,Insecta
Schrankia costaestrigalis,Insecta
Cochylidia heydeniana,Insecta
Stigmella basiguttella,Insecta
Hadena confusa,Insecta
Gyrinus caspius,Insecta
Lomographa bimaculata,Insecta
Epuraea binotata,Insecta
Arenostola phragmitidis,Insecta
Ectoedemia louisella,Insecta
Amara gebleri,Insecta
Stenoptilia pterodactyla,Insecta
Lathrobium terminatus,Insecta
Liocyrtusa vittata,Insecta
Antitype chi,Insecta
Macrochilo cribrumalis,Insecta
Ancylis laetana,Insecta
Haliplus ruficollis,Insecta
Berosus spinosus,Insecta
Catocala promissa,Insecta
Cryptophagus pubescens,Insecta
Atheta orbata,Insecta
Crambus silvella,Insecta
Cryptophagus scanicus,Insecta
Micropeplus fulvus,Insecta
Argyresthia bergiella,Insecta
Rhynchaenus alni,Insecta
Thumatha senex,Insecta
Cercyon melanocephalus,Insecta
Spilosoma lubricipeda,Insecta
Coleophora squamosella,Insecta
Cercyon haemorrhoidalis,Insecta
Eucosma campoliliana,Insecta
Celypha siderana,Insecta
Donacaula mucronella,Insecta
Phytobius leucogaster,Insecta
Copelatus haemorrhoidalis,Insecta
Cryptophagus laticollis,Insecta
Phyllonorycter robiniella,Insecta
Cochylimorpha alternana,Insecta
Scrobipalpa ocellatella,Insecta
Epirrita dilutata,Insecta
Glyphipterix thrasonella,Insecta
Phlyctaenia perlucidalis,Insecta
Spilosoma urticae,Insecta
Dicallomera pudibunda,Insecta
Dorytomus longimanus,Insecta
Cydia illutana,Insecta
Agonum gracile,Insecta
Anarsia spartiella,Insecta
Dorytomus hirtipennis,Insecta
Harpalus froelichii,Insecta
Lathrobium impressum,Insecta
Hydrochara caraboides,Insecta
Hydrochus crenatus,Insecta
Stigmella nylandriella,Insecta
Etiella zinckenella,Insecta
Orthotomicus suturalis,Insecta
Rushia parreyssii,Insecta
Anaspis frontalis,Insecta
Eucalybites auroguttella,Insecta
Gyrinus marinus,Insecta
Hydroporus morio,Insecta
Teleiodes fugacella,Insecta
Epinotia trigonella,Insecta
Aglossa caprealis,Insecta
Callimorpha dominula,Insecta
Velleius dilatatus,Insecta
Eucosma aemulana,Insecta
Apamea sublustris,Insecta
Coleophora tamesis,Insecta
Magdalis barbicornis,Insecta
Apotomis capreana,Insecta
Atheta castanoptera,Insecta
Agrius convolvuli,Insecta
Psylliodes chrysocephalus,Insecta
Chesias legatella,Insecta
Mompha idaei,Insecta
Polydrusus cervinus,Insecta
Acanthocinus griseus,Insecta
Cadra calidella,Insecta
Eupithecia assimilata,Insecta
Lobesia virulenta,Insecta
Epermenia illigerella,Insecta
Phiaris metallicana,Insecta
Argyresthia semifusca,Insecta
Oxypoda procerula,Insecta
Simplocaria semistriata,Insecta
Platysuccinea portoricensis,Gastropoda
Subulina octana,Gastropoda
Caracolus caracolla,Gastropoda
Alcadia striata,Gastropoda
Lamellaxis gracilis,Gastropoda
Gaeotis nigrolineata,Gastropoda
Alcadia alta,Gastropoda
Polydontes acutangul,Gastropoda
Cepolis squamosa,Insecta
Oleacina playa,Insecta
Austroselenites alticola,Mammalia
Caracolus marginella,Gastropoda
Megalomastoma croceum,Gastropoda
Vaginulus occientalis,Gastropoda
Obeliscus terebraster,Gastropoda
Reithrodontomys megalotus,Magnoliopsida
Cepolis musicola,Gammaproteobacteria
Mermiria bivittata,Insecta
Mermiria picta,Insecta
Boopedon gracile,Insecta
Melanoplus scudderi,Insecta
Schistocerca obscura,Insecta
Hesperotettix speciosus,Insecta
Boopedon auriventris,Insecta
Schistocerca lineata,Insecta
Arphia xanthopte,Insecta
Melanoplus packardii,Insecta
Ampedus aethiops,Insecta
Ampedus auripes,Insecta
Ampedus balteatus,Insecta
Ampedus erythrogonus,Insecta
Ampedus melanurus,Insecta
Ampedus nigrinus,Insecta
Ampedus sanguineus,Insecta
Anaspis ruficollis,Insecta
Anaspis rufilabris,Insecta
Anastrangalia dubia,Insecta
Anastrangalia sanguinolenta,Insecta
Anisotoma castanea,Insecta
Anisotoma humeralis,Insecta
Anobium emarginatum,Insecta
Anobium pertinax,Insecta
Anostirus castaneus,Insecta
Anostirus sulphuripennis,Insecta
Anthaxia helvetica,Insecta
Anthaxia quadripunctata,Insecta
Aplocnemus tarsalis,Insecta
Atomaria diluta,Insecta
Atomaria ornata,Insecta
Atrecus affinis,Insecta
Bibloporus bicolor,Insecta
Callidium coriaceum,Insecta
Calopus serraticornis,Insecta
Cerylon ferrugineum,Insecta
Chrysanthia nigricornis,Insecta
Chrysanthia viridissima,Insecta
Cis dentatus,Insecta
Cis punctulatus,Insecta
Clytus lama,Insecta
Corticaria abietorum,Insecta
Corticeus linearis,Insecta
Corymbia maculicornis,Insecta
Corymbia rubra,Insecta
Cryphalus abietis,Insecta
Crypturgus cinereus,Insecta
Crypturgus hispidulus,Insecta
Curtimorda maculosa,Insecta
Cychramus variegatus,Insecta
Dasytes niger,Insecta
Dasytes obscurus,Insecta
Dendroctonus micans,Insecta
Denticollis rubens,Insecta
Diacanthous undulatus,Insecta
Dictyopterus aurora,Insecta
Dryocoetes hectographus,Insecta
Endomychus coccineus,Insecta
Epuraea angustula,Insecta
Epuraea boreella,Insecta
Epuraea deubeli,Insecta
Epuraea pygmaea,Insecta
Epuraea rufomarginata,Insecta
Epuraea thoracica,Insecta
Epuraea variegata,Insecta
Ernoporicus fagi,Insecta
Evodinus clathratus,Insecta
Gaurotes virginea,Insecta
Glischrochilus quadripunctatus,Insecta
Hadreule elongatulum,Insecta
Hallomenus binotatus,Insecta
Hylastes cunicularius,Insecta
Hylecoetus dermestoides,Insecta
Hylobius piceus,Insecta
Hylurgops glabratus,Insecta
Hylurgops palliatus,Insecta
Ipidia binotata,Insecta
Ips amitinus,Insecta
Ips typographus,Insecta
Judolia sexmaculata,Insecta
Latridius hirtus,Insecta
Leperisinus fraxini,Insecta
Lepturobosca virens,Insecta
Leptusa fumida,Insecta
Leptusa pulchella,Insecta
Litargus connexus,Insecta
Magdalis nitida,Insecta
Malthodes alpicola,Insecta
Malthodes fuscus,Insecta
Malthodes guttifer,Insecta
Malthodes hexacanthus,Insecta
Megatoma undata,Insecta
Molorchus minor,Insecta
Monochamus sutor,Insecta
Mycetina cruciata,Insecta
Nemosoma elongatum,Insecta
Nudobius lentus,Insecta
Onyxacalles pyrenaeus,Insecta
Orchesia micans,Insecta
Orthocis festivus,Insecta
Orthotomicus laricis,Insecta
Ostoma ferruginea,Insecta
Oxymirus cursor,Insecta
Pachytodes cerambyciformis,Insecta
Phloeopora corticalis,Insecta
Phthorophloeus spinulosus,Insecta
Pissodes harcyniae,Insecta
Pityogenes conjunctus,Insecta
Pityophagus ferrugineus,Insecta
Pityophthorus pityographus,Insecta
Placusa depressa,Insecta
Platycerus caprea,Insecta
Plectophloeus fischeri,Insecta
Pogonocherus fasciculatus,Insecta
Pogonocherus ovatus,Insecta
Pteryngium crenatum,Insecta
Pyropterus nigroruber,Insecta
Rhagium bifasciatum,Insecta
Rhagium inquisitor,Insecta
Rhagium mordax,Insecta
Rhizophagus bipustulatus,Insecta
Rhizophagus dispar,Insecta
Rhizophagus nitidulus,Insecta
Rhyncolus ater,Insecta
Salpingus ruficollis,Insecta
Stenurella melanura,Insecta
Stephostethus alternans,Insecta
Tetropium castaneum,Insecta
Tetropium fuscum,Insecta
Thanasimus formicarius,Insecta
Thanasimus pectoralis,Insecta
Trichius fasciatus,Insecta
Triplax russica,Insecta
Xestobium austriacum,Insecta
Xylechinus pilosus,Insecta
Xylita laevigata,Insecta
Xylita livida,Insecta
Xyloterus domesticus,Insecta
Xyloterus laevae,Insecta
Xyloterus lineatus,Insecta
Anthus spinoletta,Aves
Regulus ignicapilla,Aves
Amylostereum areolatum,Agaricomycetes
Antrodia heteromorpha,Agaricomycetes
Antrodia serialis,Agaricomycetes
Ascocoryne sarcoides,Leotiomycetes
Athelia alnicola,Agaricomycetes
Athelia decipiens,Agaricomycetes
Athelia epiphylla,Agaricomycetes
Auriporia aurulenta,Agaricomycetes
Basidiodendron cinereum,Agaricomycetes
Basidiodendron deminutum,Agaricomycetes
Bisporella pallescens,Leotiomycetes
Bjerkandera adusta,Agaricomycetes
Botryobasidium botryosum,Agaricomycetes
Botryobasidium candicans,Agaricomycetes
Botryobasidium ellipsosporum,Agaricomycetes
Botryobasidium obtusisporum,Agaricomycetes
Botryobasidium subcoronatum,Agaricomycetes
Calocera furcata,Dacrymycetes
Calocera viscosa,Dacrymycetes
Ceratobasidium cornigerum,Agaricomycetes
Ceratobasidium plumbeum,Agaricomycetes
Climacocystis borealis,Agaricomycetes
Coniophora arida,Agaricomycetes
Coniophora puteana,Agaricomycetes
Cylindrobasidium laeve,Agaricomycetes
Dacrymyces adpressus,Dacrymycetes
Dacrymyces stillatus,Dacrymycetes
Exidia pithya,Agaricomycetes
Exidia plana,Agaricomycetes
Exidia saccharina,Agaricomycetes
Fomitopsis pinicola,Agaricomycetes
Globulicium hiemale,Agaricomycetes
Gloeocystidiellum furfuracea,Agaricomycetes
Gloeophyllum odoratum,Agaricomycetes
Gloeophyllum sepiarium,Agaricomycetes
Grandinia breviseta,Agaricomycetes
Heterobasidion annosum,Agaricomycetes
Heyderia abietis,Leotiomycetes
Hyphoderma praetermissum,Agaricomycetes
Hypochnicium punctulatum,Agaricomycetes
Hypocrea rufa,Sordariomycetes
Hypoxylon serpens,Sordariomycetes
Irpex lacteus,Agaricomycetes
Leptosporomyces roseus,Agaricomycetes
Mycena galopus,Agaricomycetes
Nectria episphaeria,Sordariomycetes
Nectria fuckeliana,Sordariomycetes
Oligoporus caesius,Agaricomycetes
Oligoporus rennyi,Agaricomycetes
Oligoporus sericeomollis,Agaricomycetes
Oligoporus stipticus,Agaricomycetes
Peniophora incarnata,Agaricomycetes
Peniophora pithya,Agaricomycetes
Phanerochaete sanguinea,Agaricomycetes
Phanerochaete sordida,Agaricomycetes
Phanerochaete velutina,Agaricomycetes
Phellinus viticola,Agaricomycetes
Phlebiella pseudotsugae,Agaricomycetes
Phlebiella vaga,Agaricomycetes
Phlebiopsis gigantea,Agaricomycetes
Physisporinus sanguinolentus,Agaricomycetes
Piloderma croceum,Agaricomycetes
Resinicium bicolor,Agaricomycetes
Schizophyllum commune,Agaricomycetes
Schizopora paradoxa,Agaricomycetes
Scutellinia umbrarum,Pezizomycetes
Sebacina sublilacina,Agaricomycetes
Sistotrema brinkmannii,Agaricomycetes
Skeletocutis amorpha,Agaricomycetes
Skeletocutis carneogrisea,Agaricomycetes
Stereum sanguinolentum,Agaricomycetes
Thanatephorus cucumeris,Agaricomycetes
Trametes hirsuta,Agaricomycetes
Trametes versicolor,Agaricomycetes
Trechispora hymenocystis,Agaricomycetes
Tremella encephala,Tremellomycetes
Tremella foliacea,Tremellomycetes
Trichaptum abietinum,Agaricomycetes
Trichaptum hollii,Agaricomycetes
Tubulicrinis sororius,Agaricomycetes
Tulasnella albida,Agaricomycetes
Tulasnella violacea,Agaricomycetes
Tulasnella violea,Agaricomycetes
Tylospora fibrillosa,Agaricomycetes
Tyromyces floriformis,Agaricomycetes
Bryoria fuscescens,Lecanoromycetes
Cladonia cenotea,Lecanoromycetes
Cladonia coniocraea,Lecanoromycetes
Cladonia digitata,Lecanoromycetes
Hypocenomyce scalaris,Lecanoromycetes
Hypogymnia farinacea,Lecanoromycetes
Hypogymnia tubulosa,Lecanoromycetes
Imshaugia aleurites,Lecanoromycetes
Lecanora conizaeoides,Lecanoromycetes
Lepraria incana,Lecanoromycetes
Mycoblastus sanguinarius,Lecanoromycetes
Ochrolechia androgyna,Lecanoromycetes
Parmeliopsis ambigua,Lecanoromycetes
Parmeliopsis hyperopta,Lecanoromycetes
Pertusaria amara,Lecanoromycetes
Placynthiella icmalea,Lecanoromycetes
Platismatia glauca,Lecanoromycetes
Pseudevernia furfuracea,Lecanoromycetes
Cladonia sulphurina,Lecanoromycetes
Atrichum undulatum,Polytrichopsida
Barbilophozia attenuata,Jungermanniopsida
Barbilophozia floerkei,Jungermanniopsida
Brachythecium reflexum,Bryopsida
Brachythecium salebrosum,Bryopsida
Brachythecium starkei,Bryopsida
Bryum argenteum,Bryopsida
Dicranella heteromalla,Bryopsida
Dicranodontium denudatum,Bryopsida
Dicranum montanum,Bryopsida
Herzogiella seligeri,Bryopsida
Isothecium alopecuroides,Bryopsida
Lepidozia reptans,Jungermanniopsida
Lophocolea heterophylla,Jungermanniopsida
Lophozia ventricosa,Jungermanniopsida
Mylia taylorii,Jungermanniopsida
Plagiothecium curvifolium,Bryopsida
Plagiothecium denticulatum,Bryopsida
Plagiothecium laetum,Bryopsida
Plagiothecium undulatum,Bryopsida
Polytrichum formosum,Polytrichopsida
Polytrichum urnigerum,Polytrichopsida
Pseudotaxiphyllum elegans,Bryopsida
Ptilidium pulcherrimum,Jungermanniopsida
Sphagnum capillifolium,Sphagnopsida
Tetraphis pellucida,Tetraphidopsida
Brachythecium rutabulum,Bryopsida
Cephalozia bicuspidata,Jungermanniopsida
Hylocomiastrum umbratum,Bryopsida
Lophocolea bidentata,Jungermanniopsida
Nardia scalaris,Jungermanniopsida
Oligotrichum hercynicum,Polytrichopsida
Pellia epiphylla,Jungermanniopsida
Scapania nemorea,Jungermanniopsida
Digitalis purpurea,Magnoliopsida
Epilobium angustifolium,Magnoliopsida
Epilobium ciliatum,Magnoliopsida
Epilobium inornatum,Magnoliopsida
Galeopsis bifida,Magnoliopsida
Galeopsis tetrahit,Magnoliopsida
Galium saxatile,Magnoliopsida
Hieracium lachenalii,Magnoliopsida
Maianthemum bifolium,Magnoliopsida
Oxalis acetosella,Magnoliopsida
Petasites albus,Magnoliopsida
Polygonatum multiflorum,Magnoliopsida
Polygonatum odoratum,Magnoliopsida
Polygonatum verticillatum,Magnoliopsida
Prenanthes purpurea,Magnoliopsida
Rubus fruticosus,Magnoliopsida
Salix aurita,Magnoliopsida
Salix caprea,Magnoliopsida
Sambucus ebulus,Magnoliopsida
Soldanella montana,Magnoliopsida
Spergularia rubra,Magnoliopsida
Stellaria alsine,Magnoliopsida
Streptopus amplexifolius,Magnoliopsida
Taraxacum sect,Magnoliopsida
Trientalis europaea,Magnoliopsida
Paratylotropidia brunneri,Insecta
Pardalophora haldemani,Insecta
Encoptolophus subgracilis,Insecta
Arphia simplex,Insecta
Hadrotettix trifasciatus,Insecta
Hippiscus rugosus,Insecta
Melanoplus occidentalis,Insecta
Schistocerca alutacea,Insecta
Abdera flexuosa,Insecta
Agathidium nigripenne,Insecta
Anostirus purpureus,Insecta
Callidium aeneum,Insecta
Cis hispidus,Insecta
Corticaria interstitialis,Insecta
Cryptophagus cylindrus,Gastropoda
Cychramus luteus,Insecta
Epuraea terminalis,Insecta
Homalota plana,Insecta
Hylastes attenuatus,Insecta
Octotemnus glabriculus,Insecta
Phloeonomus pusillus,Insecta
Pissodes validirostris,Insecta
Placusa tachyporoides,Insecta
Platycis minutus,Insecta
Plegaderus vulneratus,Insecta
Polygraphus grandiclava,Insecta
Pytho depressus,Insecta
Quedius maurus,Insecta
Quedius plagiatus,Insecta
Rhizophagus depressus,Insecta
Sphaerites glabratus,Insecta
Thymalus limbatus,Insecta
Trachodes hispidus,Insecta
Triplax aenea,Insecta
Amylostereum chailletii,Agaricomycetes
Armillaria mellea,Agaricomycetes
Athelia arachnoidea,Agaricomycetes
Athelia salicum,Agaricomycetes
Cinereomyces lindbladii,Agaricomycetes
Clitopilus hobsonii,Agaricomycetes
Coniophora olivacea,Agaricomycetes
Exidia glandulosa,Agaricomycetes
Gloeophyllum abietinum,Agaricomycetes
Grandinia crustosa,Agaricomycetes
Grandinia nespori,Agaricomycetes
Hypochnicium eichleri,Agaricomycetes
Hypochnicium sphaerosporum,Agaricomycetes
Leptosporomyces mutabilis,Agaricomycetes
Phlebia livida,Agaricomycetes
Phlebia merismoides,Agaricomycetes
Pleurotus ostreatus,Agaricomycetes
Pleurotus pulmonarius,Agaricomycetes
Pseudoxenasma verrucisporum,Agaricomycetes
Schizopora radula,Agaricomycetes
Sistotrema coroniferum,Agaricomycetes
Tomentella radiosa,Agaricomycetes
Trechispora farinacea,Agaricomycetes
Tubulicrinis angustus,Agaricomycetes
Uthatobasidium ochraceum,Agaricomycetes
Buellia griseovirens,Lecanoromycetes
Coenogonium pineti,Lecanoromycetes
Micarea prasina,Lecanoromycetes
Phlyctis argena,Lecanoromycetes
Dibaeis baeomyces,Lecanoromycetes
Bazzania trilobata,Jungermanniopsida
Calypogeia azurea,Jungermanniopsida
Drepanocladus aduncus,Bryopsida
Sphagnum fallax,Sphagnopsida
Sphagnum magellanicum,Sphagnopsida
Sphagnum russowii,Sphagnopsida
Epilobium montanum,Magnoliopsida
Senecio sylvaticus,Magnoliopsida
Sorbus acutisecta,Magnoliopsida
Vaccinium vitis.idaea,Magnoliopsida
